{
    "name": "root",
    "gauges": {
        "MyBehavior.Policy.Entropy.mean": {
            "value": 1.1983590126037598,
            "min": 1.1282012462615967,
            "max": 1.3856828212738037,
            "count": 250
        },
        "MyBehavior.Policy.Entropy.sum": {
            "value": 2387.131103515625,
            "min": 2199.96337890625,
            "max": 2895.962890625,
            "count": 250
        },
        "MyBehavior.Environment.EpisodeLength.mean": {
            "value": 59.36363636363637,
            "min": 41.5531914893617,
            "max": 78.56,
            "count": 250
        },
        "MyBehavior.Environment.EpisodeLength.sum": {
            "value": 1959.0,
            "min": 1869.0,
            "max": 2085.0,
            "count": 250
        },
        "MyBehavior.Step.mean": {
            "value": 499991.0,
            "min": 1959.0,
            "max": 499991.0,
            "count": 250
        },
        "MyBehavior.Step.sum": {
            "value": 499991.0,
            "min": 1959.0,
            "max": 499991.0,
            "count": 250
        },
        "MyBehavior.Policy.ExtrinsicValueEstimate.mean": {
            "value": 1.4945855140686035,
            "min": 0.0734061524271965,
            "max": 1.8819541931152344,
            "count": 250
        },
        "MyBehavior.Policy.ExtrinsicValueEstimate.sum": {
            "value": 49.32132339477539,
            "min": 3.2298707962036133,
            "max": 61.688114166259766,
            "count": 250
        },
        "MyBehavior.Environment.CumulativeReward.mean": {
            "value": 3.5618183107087105,
            "min": 2.5704652112583783,
            "max": 4.601600275039673,
            "count": 250
        },
        "MyBehavior.Environment.CumulativeReward.sum": {
            "value": 117.54000425338745,
            "min": 100.35000652074814,
            "max": 126.55000528693199,
            "count": 250
        },
        "MyBehavior.Policy.ExtrinsicReward.mean": {
            "value": 3.5618183107087105,
            "min": 2.5704652112583783,
            "max": 4.601600275039673,
            "count": 250
        },
        "MyBehavior.Policy.ExtrinsicReward.sum": {
            "value": 117.54000425338745,
            "min": 100.35000652074814,
            "max": 126.55000528693199,
            "count": 250
        },
        "MyBehavior.IsTraining.mean": {
            "value": 1.0,
            "min": 1.0,
            "max": 1.0,
            "count": 250
        },
        "MyBehavior.IsTraining.sum": {
            "value": 1.0,
            "min": 1.0,
            "max": 1.0,
            "count": 250
        },
        "MyBehavior.Losses.PolicyLoss.mean": {
            "value": 0.1606351405964233,
            "min": 0.11934097548946739,
            "max": 0.4396108102053404,
            "count": 72
        },
        "MyBehavior.Losses.PolicyLoss.sum": {
            "value": 0.1606351405964233,
            "min": 0.11934097548946739,
            "max": 0.4396108102053404,
            "count": 72
        },
        "MyBehavior.Losses.ValueLoss.mean": {
            "value": 0.1530031507834792,
            "min": 0.13529805652797222,
            "max": 0.3185128431767225,
            "count": 72
        },
        "MyBehavior.Losses.ValueLoss.sum": {
            "value": 0.1530031507834792,
            "min": 0.13529805652797222,
            "max": 0.3185128431767225,
            "count": 72
        },
        "MyBehavior.Policy.LearningRate.mean": {
            "value": 1.3980995339999992e-06,
            "min": 1.3980995339999992e-06,
            "max": 0.0002962332012556,
            "count": 72
        },
        "MyBehavior.Policy.LearningRate.sum": {
            "value": 1.3980995339999992e-06,
            "min": 1.3980995339999992e-06,
            "max": 0.0002962332012556,
            "count": 72
        },
        "MyBehavior.Policy.Epsilon.mean": {
            "value": 0.10046599999999999,
            "min": 0.10046599999999999,
            "max": 0.19874440000000002,
            "count": 72
        },
        "MyBehavior.Policy.Epsilon.sum": {
            "value": 0.10046599999999999,
            "min": 0.10046599999999999,
            "max": 0.19874440000000002,
            "count": 72
        },
        "MyBehavior.Policy.Beta.mean": {
            "value": 3.325339999999999e-05,
            "min": 3.325339999999999e-05,
            "max": 0.0049373455600000005,
            "count": 72
        },
        "MyBehavior.Policy.Beta.sum": {
            "value": 3.325339999999999e-05,
            "min": 3.325339999999999e-05,
            "max": 0.0049373455600000005,
            "count": 72
        }
    },
    "metadata": {
        "timer_format_version": "0.1.0",
        "start_time_seconds": "1660344968",
        "python_version": "3.7.13 (default, Aug  9 2022, 13:00:11) \n[GCC 12.1.1 20220730]",
        "command_line_arguments": "/home/dave/.pyenv/versions/3.7.13/bin/mlagents-learn configs/MLA-training.yaml --seed 2 --run-id run3",
        "mlagents_version": "0.29.0",
        "mlagents_envs_version": "0.29.0",
        "communication_protocol_version": "1.5.0",
        "pytorch_version": "1.8.1+cu102",
        "numpy_version": "1.21.2",
        "end_time_seconds": "1660352514"
    },
    "total": 7546.019702937,
    "count": 1,
    "self": 0.006058454000594793,
    "children": {
        "run_training.setup": {
            "total": 0.011422637999999097,
            "count": 1,
            "self": 0.011422637999999097
        },
        "TrainerController.start_learning": {
            "total": 7546.002221844999,
            "count": 1,
            "self": 11.969225837754493,
            "children": {
                "TrainerController._reset_env": {
                    "total": 8.896704426000042,
                    "count": 1,
                    "self": 8.896704426000042
                },
                "TrainerController.advance": {
                    "total": 7524.8774358122455,
                    "count": 507311,
                    "self": 11.889358387096763,
                    "children": {
                        "env_step": {
                            "total": 7194.094941652121,
                            "count": 507311,
                            "self": 6226.445401687461,
                            "children": {
                                "SubprocessEnvManager._take_step": {
                                    "total": 960.5742722578781,
                                    "count": 507311,
                                    "self": 30.70640827061993,
                                    "children": {
                                        "TorchPolicy.evaluate": {
                                            "total": 929.8678639872581,
                                            "count": 500079,
                                            "self": 261.5463880593401,
                                            "children": {
                                                "TorchPolicy.sample_actions": {
                                                    "total": 668.3214759279181,
                                                    "count": 500079,
                                                    "self": 668.3214759279181
                                                }
                                            }
                                        }
                                    }
                                },
                                "workers": {
                                    "total": 7.075267706782142,
                                    "count": 507311,
                                    "self": 0.0,
                                    "children": {
                                        "worker_root": {
                                            "total": 7530.4725833619,
                                            "count": 507311,