{"count":1,"self":3.557358,"total":12.736194999999999,"children":{"InitializeActuators":{"count":1,"self":0.0019019999999999998,"total":0.0019019999999999998,"children":null},"InitializeSensors":{"count":1,"self":0.0035429999999999997,"total":0.0035429999999999997,"children":null},"AgentSendState":{"count":1501,"self":0.023132,"total":1.663808,"children":{"CollectObservations":{"count":301,"self":0.383907,"total":0.383907,"children":null},"WriteActionMask":{"count":301,"self":0.000705,"total":0.000705,"children":null},"RequestDecision":{"count":301,"self":0.012784,"total":1.2560639999999998,"children":{"AgentInfo.ToProto":{"count":301,"self":0.0025299999999999997,"total":1.24328,"children":{"GenerateSensorData":{"count":301,"self":0.015411999999999999,"total":1.24075,"children":{"CameraSensor.GetCompressedObservation":{"count":301,"self":1.22348,"total":1.22348,"children":null},"RayPerceptionSensor.Perceive":{"count":602,"self":0.0018579999999999998,"total":0.0018579999999999998,"children":null}}}}}}}}},"DecideAction":{"count":1501,"self":7.4505247999999993,"total":7.450525,"children":null},"AgentAct":{"count":1501,"self":0.050453,"total":0.050453,"children":null},"AgentInfo.ToProto":{"count":2,"self":3.2E-05,"total":0.007944,"children":{"GenerateSensorData":{"count":2,"self":0.00013099999999999999,"total":0.0079119999999999989,"children":{"CameraSensor.GetCompressedObservation":{"count":2,"self":0.0077709999999999993,"total":0.0077709999999999993,"children":null},"RayPerceptionSensor.Perceive":{"count":4,"self":9.9999999999999991E-06,"total":9.9999999999999991E-06,"children":null}}}}}},"gauges":{"My Behavior.CumulativeReward":{"count":2,"max":-2.80400062,"min":-3.274,"runningAverage":-3.03900027,"value":-2.80400062,"weightedAverage":-3.1565}},"metadata":{"timer_format_version":"0.1.0","start_time_seconds":"1661154299","unity_version":"2021.3.7f1","command_line_arguments":"\/home\/dave\/Unity\/Hub\/Editor\/2021.3.7f1\/Editor\/Unity -projectpath \/home\/dave\/Supervised-Learning-Pacman -useHub -hubIPC -cloudEnvironment production -licensingIpc LicenseClient-dave -hubSessionId 9da2cef0-21ea-11ed-9baa-eb47b284154c -accessToken Se7l9vjSvKLJurAmdQOCrHStuXTe2TmpBBYb7fd0mAk006f","communication_protocol_version":"1.5.0","com.unity.ml-agents_version":"2.3.0-exp.2","scene_name":"Pacman","end_time_seconds":"1661154311"}}