{"count":1,"self":265.7236224,"total":615.838704,"children":{"InitializeActuators":{"count":1,"self":0.0030499999999999998,"total":0.0030499999999999998,"children":null},"InitializeSensors":{"count":1,"self":0.00441,"total":0.00441,"children":null},"AgentSendState":{"count":546184,"self":1.2540499999999999,"total":97.567347,"children":{"CollectObservations":{"count":45516,"self":91.9961216,"total":91.996122,"children":null},"WriteActionMask":{"count":45516,"self":0.066793999999999992,"total":0.066793999999999992,"children":null},"RequestDecision":{"count":45516,"self":0.28129499999999996,"total":4.250381,"children":{"AgentInfo.ToProto":{"count":45516,"self":0.25565499999999997,"total":3.969086,"children":{"GenerateSensorData":{"count":45516,"self":3.7134312,"total":3.713431,"children":null}}}}}}},"DecideAction":{"count":546184,"self":243.6797952,"total":243.679783,"children":null},"AgentAct":{"count":546184,"self":8.8161448,"total":8.8161449999999988,"children":null},"AgentInfo.ToProto":{"count":303,"self":0.0024319999999999997,"total":0.04355,"children":{"GenerateSensorData":{"count":303,"self":0.041117999999999995,"total":0.041117999999999995,"children":null}}}},"gauges":{"My Behavior.CumulativeReward":{"count":303,"max":-1,"min":-1.5,"runningAverage":-1.4925741,"value":-1.5,"weightedAverage":-1.49998021}},"metadata":{"timer_format_version":"0.1.0","start_time_seconds":"1660223621","unity_version":"2021.3.7f1","command_line_arguments":"\/home\/dave\/Unity\/Hub\/Editor\/2021.3.7f1\/Editor\/Unity -projectpath \/home\/dave\/Supervised-Learning-Pacman -useHub -hubIPC -cloudEnvironment production -licensingIpc LicenseClient-dave -hubSessionId 96b58960-1949-11ed-a91a-65172de0430f -accessToken TsCa8fmJel7IqmmSWqgh5RB4fAlDXz2ylhoWaDmDy4c006f","communication_protocol_version":"1.5.0","com.unity.ml-agents_version":"2.3.0-exp.2","scene_name":"Pacman","end_time_seconds":"1660224237"}}