{"count":1,"self":561.5499264,"total":4427.816651,"children":{"InitializeActuators":{"count":1,"self":0.0036119999999999998,"total":0.0036119999999999998,"children":null},"InitializeSensors":{"count":1,"self":0.004966,"total":0.004966,"children":null},"AgentSendState":{"count":1622634,"self":3.2556629999999998,"total":824.043424,"children":{"CollectObservations":{"count":162264,"self":100.21039359999999,"total":100.210391,"children":null},"WriteActionMask":{"count":162264,"self":0.23782999999999999,"total":0.23782999999999999,"children":null},"RequestDecision":{"count":162264,"self":0.934485,"total":720.33953999999994,"children":{"AgentInfo.ToProto":{"count":162264,"self":1.027572,"total":719.405055,"children":{"GenerateSensorData":{"count":162264,"self":26.019443199999998,"total":718.377483,"children":{"CameraSensor.GetCompressedObservation":{"count":162264,"self":692.3580416,"total":692.35804,"children":null}}}}}}}}},"DecideAction":{"count":1622634,"self":3029.6080383999997,"total":3029.608005,"children":null},"AgentAct":{"count":1622634,"self":6.8339295999999994,"total":6.83393,"children":null},"AgentInfo.ToProto":{"count":1319,"self":0.00885,"total":5.7706539999999995,"children":{"GenerateSensorData":{"count":1319,"self":0.216132,"total":5.761804,"children":{"CameraSensor.GetCompressedObservation":{"count":1319,"self":5.545672,"total":5.545672,"children":null}}}}}},"gauges":{"My Behavior.CumulativeReward":{"count":1319,"max":89.26609,"min":-4.596,"runningAverage":40.3588257,"value":42.286,"weightedAverage":39.38613}},"metadata":{"timer_format_version":"0.1.0","start_time_seconds":"1660635805","unity_version":"2021.3.7f1","command_line_arguments":"\/home\/dave\/Unity\/Hub\/Editor\/2021.3.7f1\/Editor\/Unity -projectpath \/home\/dave\/Supervised-Learning-Pacman -useHub -hubIPC -cloudEnvironment production -licensingIpc LicenseClient-dave -hubSessionId 84901cf0-1d36-11ed-b314-9f96a4026e01 -accessToken NrAWQqVwmfe4cZpGFcBh5mlldNukhChaIdEM1-cigQA006f","communication_protocol_version":"1.5.0","com.unity.ml-agents_version":"2.3.0-exp.2","scene_name":"Pacman","end_time_seconds":"1660640233"}}