{"count":1,"self":2498.4369152,"total":6474.1206839999995,"children":{"InitializeActuators":{"count":1,"self":0.0019529999999999999,"total":0.0019529999999999999,"children":null},"InitializeSensors":{"count":1,"self":0.002381,"total":0.002381,"children":null},"AgentSendState":{"count":5000967,"self":11.2319616,"total":521.59485999999993,"children":{"CollectObservations":{"count":500097,"self":334.47319039999996,"total":334.47317999999996,"children":null},"WriteActionMask":{"count":500097,"self":0.85445799999999994,"total":0.85445799999999994,"children":null},"RequestDecision":{"count":500097,"self":2.682012,"total":175.03526,"children":{"AgentInfo.ToProto":{"count":500097,"self":3.006077,"total":172.35324799999998,"children":{"GenerateSensorData":{"count":500097,"self":169.3471744,"total":169.347171,"children":null}}}}}}},"DecideAction":{"count":5000967,"self":3428.8662528,"total":3428.8661819999998,"children":null},"AgentAct":{"count":5000967,"self":23.191356799999998,"total":23.191356,"children":null},"AgentInfo.ToProto":{"count":6367,"self":0.0443,"total":2.024366,"children":{"GenerateSensorData":{"count":6367,"self":1.9800659999999999,"total":1.9800659999999999,"children":null}}}},"gauges":{"My Behavior.CumulativeReward":{"count":6367,"max":8.539995,"min":-10.8560123,"runningAverage":2.712473,"value":4.20499325,"weightedAverage":3.1980288}},"metadata":{"timer_format_version":"0.1.0","start_time_seconds":"1660474011","unity_version":"2021.3.7f1","command_line_arguments":"\/home\/dave\/Unity\/Hub\/Editor\/2021.3.7f1\/Editor\/Unity -projectpath \/home\/dave\/Supervised-Learning-Pacman -useHub -hubIPC -cloudEnvironment production -licensingIpc LicenseClient-dave -hubSessionId 4d8d3640-1ba4-11ed-abc5-d7416618cb94 -accessToken mj_XR6RR4U_gyK9-oJuzW2FBrLU4ZF3ZJlxE_5YX_2w006f","communication_protocol_version":"1.5.0","com.unity.ml-agents_version":"2.3.0-exp.2","scene_name":"Pacman","end_time_seconds":"1660480485"}}