{"count":1,"self":131.4850688,"total":260.081623,"children":{"InitializeActuators":{"count":1,"self":0.002209,"total":0.002209,"children":null},"InitializeSensors":{"count":1,"self":0.002425,"total":0.002425,"children":null},"AgentSendState":{"count":220301,"self":0.46347699999999997,"total":15.263385,"children":{"CollectObservations":{"count":18359,"self":11.2687048,"total":11.268704999999999,"children":null},"WriteActionMask":{"count":18359,"self":0.022466999999999997,"total":0.022466999999999997,"children":null},"RequestDecision":{"count":18359,"self":0.11534699999999999,"total":3.508736,"children":{"AgentInfo.ToProto":{"count":18359,"self":0.12129999999999999,"total":3.393389,"children":{"GenerateSensorData":{"count":18359,"self":3.272089,"total":3.272089,"children":null}}}}}}},"DecideAction":{"count":220301,"self":110.08028159999999,"total":110.080282,"children":null},"AgentAct":{"count":220301,"self":3.225914,"total":3.225914,"children":null},"AgentInfo.ToProto":{"count":134,"self":0.00096099999999999994,"total":0.022300999999999998,"children":{"GenerateSensorData":{"count":134,"self":0.021339999999999998,"total":0.021339999999999998,"children":null}}}},"gauges":{"My Behavior.CumulativeReward":{"count":134,"max":-0.5000004,"min":-1.3,"runningAverage":-0.9483584,"value":-0.74,"weightedAverage":-0.9535396}},"metadata":{"timer_format_version":"0.1.0","start_time_seconds":"1660312099","unity_version":"2021.3.7f1","command_line_arguments":"\/home\/dave\/Unity\/Hub\/Editor\/2021.3.7f1\/Editor\/Unity -projectpath \/home\/dave\/Supervised-Learning-Pacman -useHub -hubIPC -cloudEnvironment production -licensingIpc LicenseClient-dave -hubSessionId ced8b090-1a40-11ed-83dc-1b30c3f8c513 -accessToken I49v2ReWzeI_d9c9cMHDNZeFuKnkidhWQtlKh32V-cY006f","communication_protocol_version":"1.5.0","com.unity.ml-agents_version":"2.3.0-exp.2","scene_name":"Pacman","end_time_seconds":"1660312359"}}