{"count":1,"self":282.5235968,"total":12801.487645,"children":{"InitializeActuators":{"count":1,"self":0.001826,"total":0.001826,"children":null},"InitializeSensors":{"count":1,"self":0.0059949999999999995,"total":0.0059949999999999995,"children":null},"AgentSendState":{"count":2500101,"self":89.176396799999992,"total":1340.461748,"children":{"CollectObservations":{"count":500021,"self":511.39358719999996,"total":511.39358,"children":null},"WriteActionMask":{"count":500021,"self":0.48505299999999996,"total":0.48505299999999996,"children":null},"RequestDecision":{"count":500021,"self":1.313847,"total":739.406717,"children":{"AgentInfo.ToProto":{"count":500021,"self":2.204655,"total":738.09287,"children":{"GenerateSensorData":{"count":500021,"self":18.1274528,"total":735.888215,"children":{"CameraSensor.GetCompressedObservation":{"count":500021,"self":715.5468288,"total":715.54681699999992,"children":null},"RayPerceptionSensor.Perceive":{"count":1000042,"self":2.213946,"total":2.213946,"children":null}}}}}}}}},"DecideAction":{"count":2500101,"self":11112.429977599999,"total":11112.429833999999,"children":null},"AgentAct":{"count":2500101,"self":62.0110848,"total":62.011084999999994,"children":null},"AgentInfo.ToProto":{"count":2754,"self":0.012872999999999999,"total":4.049945,"children":{"GenerateSensorData":{"count":2754,"self":0.097100999999999993,"total":4.037072,"children":{"CameraSensor.GetCompressedObservation":{"count":2754,"self":3.9276359999999997,"total":3.9276359999999997,"children":null},"RayPerceptionSensor.Perceive":{"count":5508,"self":0.012334999999999999,"total":0.012334999999999999,"children":null}}}}}},"gauges":{"My Behavior.CumulativeReward":{"count":2754,"max":592.139954,"min":-934.343,"runningAverage":45.48376,"value":-1.75192642,"weightedAverage":13.3481808}},"metadata":{"timer_format_version":"0.1.0","start_time_seconds":"1665352913","unity_version":"2021.3.9f1","command_line_arguments":"\/home\/dave\/Supervised-Learning-Pacman\/Environments\/final\/4\/Pacman.x86_64 --mlagents-port 5005 -logFile \/home\/dave\/Supervised-Learning-Pacman\/results\/seq4_4G_1L_F\/run_logs\/Player-0.log","communication_protocol_version":"1.5.0","com.unity.ml-agents_version":"2.3.0-exp.2","scene_name":"Pacman","end_time_seconds":"1665365714"}}