{"count":1,"self":258.6529536,"total":13485.640378,"children":{"InitializeActuators":{"count":1,"self":0.0017699999999999999,"total":0.0017699999999999999,"children":null},"InitializeSensors":{"count":1,"self":0.005501,"total":0.005501,"children":null},"AgentSendState":{"count":2501751,"self":81.5506176,"total":1119.244486,"children":{"CollectObservations":{"count":500351,"self":340.9851392,"total":340.98513499999996,"children":null},"WriteActionMask":{"count":500351,"self":0.49473999999999996,"total":0.49473999999999996,"children":null},"RequestDecision":{"count":500351,"self":1.281795,"total":696.213994,"children":{"AgentInfo.ToProto":{"count":500351,"self":2.3101499999999997,"total":694.932199,"children":{"GenerateSensorData":{"count":500351,"self":17.8765408,"total":692.622049,"children":{"CameraSensor.GetCompressedObservation":{"count":500351,"self":672.56473599999993,"total":672.56473899999992,"children":null},"RayPerceptionSensor.Perceive":{"count":1000702,"self":2.1807689999999997,"total":2.1807689999999997,"children":null}}}}}}}}},"DecideAction":{"count":2501751,"self":12055.0653952,"total":12055.065633,"children":null},"AgentAct":{"count":2501751,"self":51.5627456,"total":51.562746999999995,"children":null},"AgentInfo.ToProto":{"count":772,"self":0.005095,"total":1.103944,"children":{"GenerateSensorData":{"count":772,"self":0.027552999999999998,"total":1.098849,"children":{"CameraSensor.GetCompressedObservation":{"count":772,"self":1.067985,"total":1.067985,"children":null},"RayPerceptionSensor.Perceive":{"count":1544,"self":0.0033109999999999997,"total":0.0033109999999999997,"children":null}}}}}},"gauges":{"My Behavior.CumulativeReward":{"count":772,"max":602.818237,"min":-365.5424,"runningAverage":6.505848,"value":386.913147,"weightedAverage":133.253845}},"metadata":{"timer_format_version":"0.1.0","start_time_seconds":"1665365719","unity_version":"2021.3.9f1","command_line_arguments":"\/home\/dave\/Supervised-Learning-Pacman\/Environments\/final\/4_3\/Pacman.x86_64 --mlagents-port 5005 -logFile \/home\/dave\/Supervised-Learning-Pacman\/results\/seq4_4G_3L_IL\/run_logs\/Player-0.log","communication_protocol_version":"1.5.0","com.unity.ml-agents_version":"2.3.0-exp.2","scene_name":"Pacman","end_time_seconds":"1665379205"}}