{"count":1,"self":364.786816,"total":12868.067411,"children":{"InitializeActuators":{"count":1,"self":0.002388,"total":0.002388,"children":null},"InitializeSensors":{"count":1,"self":0.005663,"total":0.005663,"children":null},"AgentSendState":{"count":2500184,"self":90.6396544,"total":1284.20094,"children":{"CollectObservations":{"count":500037,"self":410.8059136,"total":410.805925,"children":null},"WriteActionMask":{"count":500037,"self":0.546445,"total":0.546445,"children":null},"RequestDecision":{"count":500037,"self":1.3982679999999998,"total":782.20891299999994,"children":{"AgentInfo.ToProto":{"count":500037,"self":2.393189,"total":780.81064499999991,"children":{"GenerateSensorData":{"count":500037,"self":19.1610752,"total":778.417456,"children":{"CameraSensor.GetCompressedObservation":{"count":500037,"self":757.0333696,"total":757.03334799999993,"children":null},"RayPerceptionSensor.Perceive":{"count":1000074,"self":2.223033,"total":2.223033,"children":null}}}}}}}}},"DecideAction":{"count":2500184,"self":11152.192307199999,"total":11152.192468,"children":null},"AgentAct":{"count":2500184,"self":64.635724799999991,"total":64.635724,"children":null},"AgentInfo.ToProto":{"count":1453,"self":0.0067339999999999995,"total":2.240174,"children":{"GenerateSensorData":{"count":1453,"self":0.053551999999999995,"total":2.23344,"children":{"CameraSensor.GetCompressedObservation":{"count":1453,"self":2.173409,"total":2.173409,"children":null},"RayPerceptionSensor.Perceive":{"count":2906,"self":0.0064789999999999995,"total":0.0064789999999999995,"children":null}}}}}},"gauges":{"My Behavior.CumulativeReward":{"count":1453,"max":978.790955,"min":-248.259766,"runningAverage":60.3825569,"value":27.8218384,"weightedAverage":75.50542}},"metadata":{"timer_format_version":"0.1.0","start_time_seconds":"1665230679","unity_version":"2021.3.9f1","command_line_arguments":"\/home\/dave\/Supervised-Learning-Pacman\/Environments\/final\/1\/Pacman.x86_64 --mlagents-port 5005 -logFile \/home\/dave\/Supervised-Learning-Pacman\/results\/seq4_1G_1L_F\/run_logs\/Player-0.log","communication_protocol_version":"1.5.0","com.unity.ml-agents_version":"2.3.0-exp.2","scene_name":"Pacman","end_time_seconds":"1665243547"}}