{"count":1,"self":202.0131712,"total":12048.884151999999,"children":{"InitializeActuators":{"count":1,"self":0.0015899999999999998,"total":0.0015899999999999998,"children":null},"InitializeSensors":{"count":1,"self":0.005399,"total":0.005399,"children":null},"AgentSendState":{"count":1500634,"self":80.164448,"total":1199.671085,"children":{"CollectObservations":{"count":500212,"self":352.3204608,"total":352.32046499999996,"children":null},"WriteActionMask":{"count":500212,"self":0.56722299999999992,"total":0.56722299999999992,"children":null},"RequestDecision":{"count":500212,"self":1.3482619999999998,"total":766.61894999999993,"children":{"AgentInfo.ToProto":{"count":500212,"self":2.331194,"total":765.270688,"children":{"GenerateSensorData":{"count":500212,"self":18.792614399999998,"total":762.939494,"children":{"CameraSensor.GetCompressedObservation":{"count":500212,"self":741.9099136,"total":741.909909,"children":null},"RayPerceptionSensor.Perceive":{"count":1000424,"self":2.23697,"total":2.23697,"children":null}}}}}}}}},"DecideAction":{"count":1500634,"self":10625.6605184,"total":10625.660576,"children":null},"AgentAct":{"count":1500634,"self":20.260985599999998,"total":20.260986,"children":null},"AgentInfo.ToProto":{"count":831,"self":0.004308,"total":1.2679829999999999,"children":{"GenerateSensorData":{"count":831,"self":0.033173999999999995,"total":1.2636749999999999,"children":{"CameraSensor.GetCompressedObservation":{"count":831,"self":1.226678,"total":1.226678,"children":null},"RayPerceptionSensor.Perceive":{"count":1662,"self":0.003823,"total":0.003823,"children":null}}}}}},"gauges":{"My Behavior.CumulativeReward":{"count":831,"max":490.401917,"min":-613.367432,"runningAverage":7.66263342,"value":-4.339966,"weightedAverage":26.6258755}},"metadata":{"timer_format_version":"0.1.0","start_time_seconds":"1665164085","unity_version":"2021.3.9f1","command_line_arguments":"\/home\/dave\/Supervised-Learning-Pacman\/Environments\/1\/Pacman.x86_64 --mlagents-port 5005 -logFile \/home\/dave\/Supervised-Learning-Pacman\/results\/seq2_1G_1L_F\/run_logs\/Player-0.log","communication_protocol_version":"1.5.0","com.unity.ml-agents_version":"2.3.0-exp.2","scene_name":"Pacman","end_time_seconds":"1665176134"}}