{"count":1,"self":3.7556192,"total":64.14956699999999,"children":{"InitializeActuators":{"count":1,"self":0.0016519999999999998,"total":0.0016519999999999998,"children":null},"InitializeSensors":{"count":1,"self":0.005532,"total":0.005532,"children":null},"AgentSendState":{"count":23551,"self":0.743459,"total":10.750086,"children":{"CollectObservations":{"count":4711,"self":2.2914589999999997,"total":2.2914589999999997,"children":null},"WriteActionMask":{"count":4711,"self":0.0055369999999999994,"total":0.0055369999999999994,"children":null},"RequestDecision":{"count":4711,"self":0.025575999999999998,"total":7.709631,"children":{"AgentInfo.ToProto":{"count":4711,"self":0.023098,"total":7.684055,"children":{"GenerateSensorData":{"count":4711,"self":0.18301299999999998,"total":7.660957,"children":{"CameraSensor.GetCompressedObservation":{"count":4711,"self":7.458004,"total":7.458004,"children":null},"RayPerceptionSensor.Perceive":{"count":9422,"self":0.01994,"total":0.01994,"children":null}}}}}}}}},"DecideAction":{"count":23551,"self":49.172432,"total":49.172433,"children":null},"AgentAct":{"count":23551,"self":0.457256,"total":0.459184,"children":{"AgentInfo.ToProto":{"count":1,"self":2.9E-05,"total":0.0019279999999999998,"children":{"GenerateSensorData":{"count":1,"self":6.1E-05,"total":0.0018989999999999999,"children":{"CameraSensor.GetCompressedObservation":{"count":1,"self":0.001833,"total":0.001833,"children":null},"RayPerceptionSensor.Perceive":{"count":2,"self":4.9999999999999996E-06,"total":4.9999999999999996E-06,"children":null}}}}}}},"AgentInfo.ToProto":{"count":1,"self":2.4999999999999998E-05,"total":0.001762,"children":{"GenerateSensorData":{"count":1,"self":0.00013099999999999999,"total":0.0017369999999999998,"children":{"CameraSensor.GetCompressedObservation":{"count":1,"self":0.0016029999999999998,"total":0.0016029999999999998,"children":null},"RayPerceptionSensor.Perceive":{"count":2,"self":3E-06,"total":3E-06,"children":null}}}}}},"gauges":{"My Behavior.CumulativeReward":{"count":2,"max":445.971924,"min":148.46376,"runningAverage":297.217834,"value":148.46376,"weightedAverage":371.594879}},"metadata":{"timer_format_version":"0.1.0","start_time_seconds":"1661451380","unity_version":"2021.3.7f1","command_line_arguments":"\/home\/dave\/Supervised-Learning-Pacman\/Pacman.x86_64 --mlagents-port 5005 -logFile \/home\/dave\/Supervised-Learning-Pacman\/results\/incrementale2\/run_logs\/Player-0.log","communication_protocol_version":"1.5.0","com.unity.ml-agents_version":"2.3.0-exp.2","scene_name":"Pacman","end_time_seconds":"1661451444"}}