{"count":1,"self":1.021656,"total":420.402397,"children":{"InitializeActuators":{"count":1,"self":0.001749,"total":0.001749,"children":null},"InitializeSensors":{"count":1,"self":0.0063219999999999995,"total":0.0063219999999999995,"children":null},"AgentSendState":{"count":651,"self":0.025654,"total":0.391582,"children":{"CollectObservations":{"count":131,"self":0.13119699999999998,"total":0.13119699999999998,"children":null},"WriteActionMask":{"count":131,"self":0.00028199999999999997,"total":0.00028199999999999997,"children":null},"RequestDecision":{"count":131,"self":0.003534,"total":0.234449,"children":{"AgentInfo.ToProto":{"count":131,"self":0.00116,"total":0.23091499999999998,"children":{"GenerateSensorData":{"count":131,"self":0.009389999999999999,"total":0.229755,"children":{"CameraSensor.GetCompressedObservation":{"count":131,"self":0.21948099999999998,"total":0.21948099999999998,"children":null},"RayPerceptionSensor.Perceive":{"count":262,"self":0.00088399999999999991,"total":0.00088399999999999991,"children":null}}}}}}}}},"DecideAction":{"count":651,"self":418.9651712,"total":418.965167,"children":null},"AgentAct":{"count":651,"self":0.011696,"total":0.011696,"children":null}},"gauges":{},"metadata":{"timer_format_version":"0.1.0","start_time_seconds":"1662025653","unity_version":"2021.3.7f1","command_line_arguments":"\/home\/dave\/Supervised-Learning-Pacman\/Pacman.x86_64 --mlagents-port 5005 -logFile \/home\/dave\/Supervised-Learning-Pacman\/results\/incrementale4_a\/run_logs\/Player-0.log","communication_protocol_version":"1.5.0","com.unity.ml-agents_version":"2.3.0-exp.2","scene_name":"Pacman","end_time_seconds":"1662026073"}}