{"count":1,"self":325.83045119999997,"total":13829.274653999999,"children":{"InitializeActuators":{"count":1,"self":0.001802,"total":0.001802,"children":null},"InitializeSensors":{"count":1,"self":0.006044,"total":0.006044,"children":null},"AgentSendState":{"count":2500401,"self":90.6759168,"total":1195.588615,"children":{"CollectObservations":{"count":500081,"self":359.25565439999997,"total":359.255659,"children":null},"WriteActionMask":{"count":500081,"self":0.529253,"total":0.529253,"children":null},"RequestDecision":{"count":500081,"self":2.259387,"total":745.127783,"children":{"AgentInfo.ToProto":{"count":500081,"self":2.544154,"total":742.868396,"children":{"GenerateSensorData":{"count":500081,"self":20.139428799999997,"total":740.32424199999991,"children":{"CameraSensor.GetCompressedObservation":{"count":500081,"self":717.90976,"total":717.909737,"children":null},"RayPerceptionSensor.Perceive":{"count":1000162,"self":2.275076,"total":2.275076,"children":null}}}}}}}}},"DecideAction":{"count":2500401,"self":12247.6290048,"total":12247.628755,"children":null},"AgentAct":{"count":2500401,"self":58.365472,"total":58.365474,"children":null},"AgentInfo.ToProto":{"count":1251,"self":0.0075169999999999994,"total":1.85005,"children":{"GenerateSensorData":{"count":1251,"self":0.046633,"total":1.842533,"children":{"CameraSensor.GetCompressedObservation":{"count":1251,"self":1.7902129999999998,"total":1.7902129999999998,"children":null},"RayPerceptionSensor.Perceive":{"count":2502,"self":0.0056869999999999993,"total":0.0056869999999999993,"children":null}}}}}},"gauges":{"My Behavior.CumulativeReward":{"count":1251,"max":559.6311,"min":-60.1232948,"runningAverage":114.153511,"value":147.897064,"weightedAverage":178.79689}},"metadata":{"timer_format_version":"0.1.0","start_time_seconds":"1662401298","unity_version":"2021.3.9f1","command_line_arguments":"\/home\/dave\/Supervised-Learning-Pacman\/Pacman.x86_64 --mlagents-port 5005 -logFile \/home\/dave\/Supervised-Learning-Pacman\/results\/base2_a\/run_logs\/Player-0.log","communication_protocol_version":"1.5.0","com.unity.ml-agents_version":"2.3.0-exp.2","scene_name":"Pacman","end_time_seconds":"1662415127"}}