{"count":1,"self":291.97335039999996,"total":14632.200719999999,"children":{"InitializeActuators":{"count":1,"self":0.002009,"total":0.002009,"children":null},"InitializeSensors":{"count":1,"self":0.0064389999999999994,"total":0.0064389999999999994,"children":null},"AgentSendState":{"count":2501701,"self":86.3593088,"total":1565.415744,"children":{"CollectObservations":{"count":500341,"self":354.9505792,"total":354.95057299999996,"children":null},"WriteActionMask":{"count":500341,"self":0.534898,"total":0.534898,"children":null},"RequestDecision":{"count":500341,"self":1.6154979999999999,"total":1123.570964,"children":{"AgentInfo.ToProto":{"count":500341,"self":2.532782,"total":1121.955466,"children":{"GenerateSensorData":{"count":500341,"self":20.9444256,"total":1119.422684,"children":{"CameraSensor.GetCompressedObservation":{"count":500341,"self":1096.0167936,"total":1096.0167609999999,"children":null},"RayPerceptionSensor.Perceive":{"count":1000682,"self":2.4614979999999997,"total":2.4614979999999997,"children":null}}}}}}}}},"DecideAction":{"count":2501701,"self":12715.1210496,"total":12715.120738,"children":null},"AgentAct":{"count":2501701,"self":57.897568,"total":57.897565,"children":null},"AgentInfo.ToProto":{"count":812,"self":0.004611,"total":1.7814249999999998,"children":{"GenerateSensorData":{"count":812,"self":0.03471,"total":1.776814,"children":{"CameraSensor.GetCompressedObservation":{"count":812,"self":1.7381529999999998,"total":1.7381529999999998,"children":null},"RayPerceptionSensor.Perceive":{"count":1624,"self":0.003951,"total":0.003951,"children":null}}}}}},"gauges":{"My Behavior.CumulativeReward":{"count":812,"max":671.9718,"min":-543.737061,"runningAverage":-4.25952864,"value":138.398438,"weightedAverage":36.342247}},"metadata":{"timer_format_version":"0.1.0","start_time_seconds":"1665324278","unity_version":"2021.3.9f1","command_line_arguments":"\/home\/dave\/Supervised-Learning-Pacman\/Environments\/final\/3_3\/Pacman.x86_64 --mlagents-port 5005 -logFile \/home\/dave\/Supervised-Learning-Pacman\/results\/seq4_3G_3L_IL\/run_logs\/Player-0.log","communication_protocol_version":"1.5.0","com.unity.ml-agents_version":"2.3.0-exp.2","scene_name":"Pacman","end_time_seconds":"1665338910"}}