{
    "name": "root",
    "gauges": {
        "MyBehavior.Policy.Entropy.mean": {
            "value": 1.6086792945861816,
            "min": 1.6086792945861816,
            "max": 1.6086792945861816,
            "count": 1
        },
        "MyBehavior.Policy.Entropy.sum": {
            "value": 1700.3740234375,
            "min": 1700.3740234375,
            "max": 1700.3740234375,
            "count": 1
        },
        "MyBehavior.Environment.EpisodeLength.mean": {
            "value": 116.44444444444444,
            "min": 116.44444444444444,
            "max": 116.44444444444444,
            "count": 1
        },
        "MyBehavior.Environment.EpisodeLength.sum": {
            "value": 1048.0,
            "min": 1048.0,
            "max": 1048.0,
            "count": 1
        },
        "MyBehavior.Step.mean": {
            "value": 903.0,
            "min": 903.0,
            "max": 903.0,
            "count": 1
        },
        "MyBehavior.Step.sum": {
            "value": 903.0,
            "min": 903.0,
            "max": 903.0,
            "count": 1
        },
        "MyBehavior.Policy.ExtrinsicValue.mean": {
            "value": 0.25231558084487915,
            "min": 0.25231558084487915,
            "max": 0.25231558084487915,
            "count": 1
        },
        "MyBehavior.Policy.ExtrinsicValue.sum": {
            "value": 2.018524646759033,
            "min": 2.018524646759033,
            "max": 2.018524646759033,
            "count": 1
        },
        "MyBehavior.Policy.CuriosityValue.mean": {
            "value": -0.051384441554546356,
            "min": -0.051384441554546356,
            "max": -0.051384441554546356,
            "count": 1
        },
        "MyBehavior.Policy.CuriosityValue.sum": {
            "value": -0.41107553243637085,
            "min": -0.41107553243637085,
            "max": -0.41107553243637085,
            "count": 1
        },
        "MyBehavior.Environment.CumulativeReward.mean": {
            "value": -9.391000390052795,
            "min": -9.391000390052795,
            "max": -9.391000390052795,
            "count": 1
        },
        "MyBehavior.Environment.CumulativeReward.sum": {
            "value": -75.12800312042236,
            "min": -75.12800312042236,
            "max": -75.12800312042236,
            "count": 1
        },
        "MyBehavior.Policy.ExtrinsicReward.mean": {
            "value": -9.391000390052795,
            "min": -9.391000390052795,
            "max": -9.391000390052795,
            "count": 1
        },
        "MyBehavior.Policy.ExtrinsicReward.sum": {
            "value": -75.12800312042236,
            "min": -75.12800312042236,
            "max": -75.12800312042236,
            "count": 1
        },
        "MyBehavior.Policy.CuriosityReward.mean": {
            "value": 0.0,
            "min": 0.0,
            "max": 0.0,
            "count": 1
        },
        "MyBehavior.Policy.CuriosityReward.sum": {
            "value": 0.0,
            "min": 0.0,
            "max": 0.0,
            "count": 1
        },
        "MyBehavior.IsTraining.mean": {
            "value": 1.0,
            "min": 1.0,
            "max": 1.0,
            "count": 1
        },
        "MyBehavior.IsTraining.sum": {
            "value": 1.0,
            "min": 1.0,
            "max": 1.0,
            "count": 1
        }
    },
    "metadata": {
        "timer_format_version": "0.1.0",
        "start_time_seconds": "1660828330",
        "python_version": "3.7.13 (default, Aug  9 2022, 13:00:11) \n[GCC 12.1.1 20220730]",
        "command_line_arguments": "/home/dave/.pyenv/versions/3.7.13/bin/mlagents-learn configs/MLA-training2.yaml --seed 2 --run-id newrun0",
        "mlagents_version": "0.29.0",
        "mlagents_envs_version": "0.29.0",
        "communication_protocol_version": "1.5.0",
        "pytorch_version": "1.8.1+cu102",
        "numpy_version": "1.21.2",
        "end_time_seconds": "1660828368"
    },
    "total": 37.707084647001466,
    "count": 1,
    "self": 0.0063339920016005635,
    "children": {
        "run_training.setup": {
            "total": 0.042428388998814626,
            "count": 1,
            "self": 0.042428388998814626
        },
        "TrainerController.start_learning": {
            "total": 37.65832226600105,
            "count": 1,
            "self": 0.029160719997889828,
            "children": {
                "TrainerController._reset_env": {
                    "total": 12.339818991000357,
                    "count": 1,
                    "self": 12.339818991000357
                },
                "TrainerController.advance": {
                    "total": 24.81162731099903,
                    "count": 1310,
                    "self": 0.027700684040610213,
                    "children": {
                        "env_step": {
                            "total": 24.51156149605231,
                            "count": 1310,
                            "self": 22.03689252321783,
                            "children": {
                                "SubprocessEnvManager._take_step": {
                                    "total": 2.4594061778698233,
                                    "count": 1310,
                                    "self": 0.07106536781429895,
                                    "children": {
                                        "TorchPolicy.evaluate": {
                                            "total": 2.3883408100555243,
                                            "count": 1300,
                                            "self": 0.643334400956519,
                                            "children": {
                                                "TorchPolicy.sample_actions": {
                                                    "total": 1.7450064090990054,
                                                    "count": 1300,
                                                    "self": 1.7450064090990054
                                                }
                                            }
                                        }
                                    }
                                },
                                "workers": {
                                    "total": 0.015262794964655768,
                                    "count": 1309,
                                    "self": 0.0,
                                    "children": {
                                        "worker_root": {
                                            "total": 21.457562113057065,
                                            "count": 1309,
                                            "is_parallel": true,
                                            "self": 16.304450710060337,
                                            "children": {
                                                "run_training.setup": {
                                                    "total": 0.0,
                                                    "count": 0,
                                                    "is_parallel": true,
                                                    "self": 0.0,
                                                    "children": {
                                                        "steps_from_proto": {
                                                            "total": 0.001206845001433976,
                                                            "count": 1,
                                                            "is_parallel": true,
                                                            "self": 0.0006296650026342832,
                                                            "children": {
                                                                "_process_rank_one_or_two_observation": {
                                                                    "total": 0.0005771799987996928,