{
    "name": "root",
    "metadata": {
        "timer_format_version": "0.1.0",
        "start_time_seconds": "1660214770",
        "python_version": "3.7.13 (default, Aug  9 2022, 13:00:11) \n[GCC 12.1.1 20220730]",
        "command_line_arguments": "/home/dave/.pyenv/versions/3.7.13/bin/mlagents-learn --force",
        "mlagents_version": "0.29.0",
        "mlagents_envs_version": "0.29.0",
        "communication_protocol_version": "1.5.0",
        "pytorch_version": "1.8.1+cu102",
        "numpy_version": "1.21.2",
        "end_time_seconds": "1660214865"
    },
    "total": 95.69035390499994,
    "count": 1,
    "self": 0.02204238799822633,
    "children": {
        "run_training.setup": {
            "total": 0.01243467800122744,
            "count": 1,
            "self": 0.01243467800122744
        },
        "TrainerController.start_learning": {
            "total": 95.65587683900048,
            "count": 1,
            "self": 0.013923663982495782,
            "children": {
                "TrainerController._reset_env": {
                    "total": 14.366535961999034,
                    "count": 1,
                    "self": 14.366535961999034
                },
                "TrainerController.advance": {
                    "total": 81.01866582301773,
                    "count": 690,
                    "self": 0.013940355014710804,
                    "children": {
                        "env_step": {
                            "total": 80.71059901398985,
                            "count": 690,
                            "self": 79.77558661697185,
                            "children": {
                                "SubprocessEnvManager._take_step": {
                                    "total": 0.9272249940186157,
                                    "count": 690,
                                    "self": 0.03369536100763071,
                                    "children": {
                                        "TorchPolicy.evaluate": {
                                            "total": 0.893529633010985,
                                            "count": 677,
                                            "self": 0.29465953699764214,
                                            "children": {
                                                "TorchPolicy.sample_actions": {
                                                    "total": 0.5988700960133428,
                                                    "count": 677,
                                                    "self": 0.5988700960133428
                                                }
                                            }
                                        }
                                    }
                                },
                                "workers": {
                                    "total": 0.00778740299938363,
                                    "count": 689,
                                    "self": 0.0,
                                    "children": {
                                        "worker_root": {
                                            "total": 35.27959994000412,
                                            "count": 689,
                                            "is_parallel": true,
                                            "self": 16.31333175699183,
                                            "children": {
                                                "run_training.setup": {
                                                    "total": 0.0,
                                                    "count": 0,
                                                    "is_parallel": true,
                                                    "self": 0.0,
                                                    "children": {
                                                        "steps_from_proto": {
                                                            "total": 0.0016243930003838614,
                                                            "count": 1,
                                                            "is_parallel": true,
                                                            "self": 0.0006498139991890639,
                                                            "children": {
                                                                "_process_rank_one_or_two_observation": {
                                                                    "total": 0.0009745790011947975,
                                                                    "count": 2,
                                                                    "is_parallel": true,
                                                                    "self": 0.0009745790011947975
                                                                }
                                                            }
                                                        },
                                                        "UnityEnvironment.step": {
                                                            "total": 0.07377171299958718,
                                                            "count": 1,
                                                            "is_parallel": true,
                                                            "self": 0.00015150299986999016,
                                                            "children": {
                                                                "UnityEnvironment._generate_step_input": {
                                                                    "total": 0.00011807299961219542,
                                                                    "count": 1,
                                                                    "is_parallel": true,
                                                                    "self": 0.00011807299961219542
                                                                },
                                                                "communicator.exchange": {
                                                                    "total": 0.07305232599901501,
                                                                    "count": 1,
                                                                    "is_parallel": true,
                                                                    "self": 0.07305232599901501
                                                                },
                                                                "steps_from_proto": {
                                                                    "total": 0.0004498110010899836,
                                                                    "count": 1,
                                                                    "is_parallel": true,
                                                                    "self": 0.0001754709992383141,
                                                                    "children": {
                                                                        "_process_rank_one_or_two_observation": {
                                                                            "total": 0.0002743400018516695,
                                                                            "count": 2,
                                                                            "is_parallel": true,