{
    "name": "root",
    "gauges": {
        "MyBehavior.Policy.Entropy.mean": {
            "value": 0.6429987549781799,
            "min": 0.5859355330467224,
            "max": 1.237411618232727,
            "count": 88
        },
        "MyBehavior.Policy.Entropy.sum": {
            "value": 1248.060546875,
            "min": 1110.471435546875,
            "max": 2588.912353515625,
            "count": 88
        },
        "MyBehavior.Environment.EpisodeLength.mean": {
            "value": 175.45454545454547,
            "min": 117.11764705882354,
            "max": 175.45454545454547,
            "count": 88
        },
        "MyBehavior.Environment.EpisodeLength.sum": {
            "value": 1930.0,
            "min": 1689.0,
            "max": 2319.0,
            "count": 88
        },
        "MyBehavior.Step.mean": {
            "value": 175887.0,
            "min": 1860.0,
            "max": 175887.0,
            "count": 88
        },
        "MyBehavior.Step.sum": {
            "value": 175887.0,
            "min": 1860.0,
            "max": 175887.0,
            "count": 88
        },
        "MyBehavior.Policy.ExtrinsicValueEstimate.mean": {
            "value": -0.9771851897239685,
            "min": -3.3187479972839355,
            "max": -0.8919854760169983,
            "count": 88
        },
        "MyBehavior.Policy.ExtrinsicValueEstimate.sum": {
            "value": -11.726222038269043,
            "min": -53.09996795654297,
            "max": -10.743617057800293,
            "count": 88
        },
        "MyBehavior.Environment.CumulativeReward.mean": {
            "value": -2.7318182425065474,
            "min": -3.196153787466196,
            "max": -2.146666693687439,
            "count": 88
        },
        "MyBehavior.Environment.CumulativeReward.sum": {
            "value": -30.05000066757202,
            "min": -46.65000057220459,
            "max": -26.850000381469727,
            "count": 88
        },
        "MyBehavior.Policy.ExtrinsicReward.mean": {
            "value": -2.7318182425065474,
            "min": -3.196153787466196,
            "max": -2.146666693687439,
            "count": 88
        },
        "MyBehavior.Policy.ExtrinsicReward.sum": {
            "value": -30.05000066757202,
            "min": -46.65000057220459,
            "max": -26.850000381469727,
            "count": 88
        },
        "MyBehavior.IsTraining.mean": {
            "value": 1.0,
            "min": 1.0,
            "max": 1.0,
            "count": 88
        },
        "MyBehavior.IsTraining.sum": {
            "value": 1.0,
            "min": 1.0,
            "max": 1.0,
            "count": 88
        },
        "MyBehavior.Losses.PolicyLoss.mean": {
            "value": 0.07923505609389395,
            "min": 0.05496334516753753,
            "max": 0.094023972361659,
            "count": 66
        },
        "MyBehavior.Losses.PolicyLoss.sum": {
            "value": 0.07923505609389395,
            "min": 0.05496334516753753,
            "max": 0.094023972361659,
            "count": 66
        },
        "MyBehavior.Losses.ValueLoss.mean": {
            "value": 0.0035005717561580243,
            "min": 0.002297440416101987,
            "max": 14.799388260642688,
            "count": 66
        },
        "MyBehavior.Losses.ValueLoss.sum": {
            "value": 0.0035005717561580243,
            "min": 0.002297440416101987,
            "max": 14.799388260642688,
            "count": 66
        },
        "MyBehavior.Policy.LearningRate.mean": {
            "value": 0.00019565163478279997,
            "min": 0.00019565163478279997,
            "max": 0.0002983914005362,
            "count": 66
        },
        "MyBehavior.Policy.LearningRate.sum": {
            "value": 0.00019565163478279997,
            "min": 0.00019565163478279997,
            "max": 0.0002983914005362,
            "count": 66
        },
        "MyBehavior.Policy.Epsilon.mean": {
            "value": 0.16521720000000004,
            "min": 0.16521720000000004,
            "max": 0.1994638,
            "count": 66
        },
        "MyBehavior.Policy.Epsilon.sum": {
            "value": 0.16521720000000004,
            "min": 0.16521720000000004,
            "max": 0.1994638,
            "count": 66
        },
        "MyBehavior.Policy.Beta.mean": {
            "value": 0.00326433828,
            "min": 0.00326433828,
            "max": 0.004973243620000001,
            "count": 66
        },
        "MyBehavior.Policy.Beta.sum": {
            "value": 0.00326433828,
            "min": 0.00326433828,
            "max": 0.004973243620000001,
            "count": 66
        }
    },
    "metadata": {
        "timer_format_version": "0.1.0",
        "start_time_seconds": "1660220613",
        "python_version": "3.7.13 (default, Aug  9 2022, 13:00:11) \n[GCC 12.1.1 20220730]",
        "command_line_arguments": "/home/dave/.pyenv/versions/3.7.13/bin/mlagents-learn configs/MLA-training.yaml --run-id run1",
        "mlagents_version": "0.29.0",
        "mlagents_envs_version": "0.29.0",
        "communication_protocol_version": "1.5.0",
        "pytorch_version": "1.8.1+cu102",
        "numpy_version": "1.21.2",
        "end_time_seconds": "1660223325"
    },
    "total": 2711.998625815002,
    "count": 1,
    "self": 0.00591001300199423,
    "children": {
        "run_training.setup": {
            "total": 0.011264436001511058,
            "count": 1,
            "self": 0.011264436001511058
        },
        "TrainerController.start_learning": {
            "total": 2711.9814513659985,
            "count": 1,
            "self": 4.301060134472209,
            "children": {
                "TrainerController._reset_env": {
                    "total": 20.50518042299882,
                    "count": 1,
                    "self": 20.50518042299882
                },
                "TrainerController.advance": {
                    "total": 2687.0142524365256,
                    "count": 179076,
                    "self": 4.439194014714303,
                    "children": {
                        "env_step": {
                            "total": 2277.030742137209,
                            "count": 179076,
                            "self": 1967.0148871585006,
                            "children": {
                                "SubprocessEnvManager._take_step": {
                                    "total": 307.43930474129957,
                                    "count": 179076,
                                    "self": 11.100404296583292,
                                    "children": {
                                        "TorchPolicy.evaluate": {
                                            "total": 296.3389004447163,
                                            "count": 177924,
                                            "self": 93.75593172221852,
                                            "children": {
                                                "TorchPolicy.sample_actions": {
                                                    "total": 202.58296872249775,
                                                    "count": 177924,
                                                    "self": 202.58296872249775
                                                }
                                            }
                                        }
                                    }
                                },
                                "workers": {
                                    "total": 2.57655023740881,
                                    "count": 179075,
                                    "self": 0.0,
                                    "children": {
                                        "worker_root": {
                                            "total": 2706.031146159883,
                                            "count": 179075,
                                            "is_parallel": true,